Workbook

Sheet Setup Guide
A1: Setup guide – Preston Mazda Customer Enquiry Log
B3: What this is
B4: A shared Excel log kept in SharePoint. Everyone with access opens the same file in Excel (desktop or browser) and sees each other's changes within seconds. Sign-in is your normal Microsoft 365 login, so there are no separate passwords or resets. Nothing is installed and nothing runs in the background: quotes are PDFs saved into a folder, and email alerts are one-click links that open a ready-written email in Outlook.
B5: 1. Put the file in SharePoint (once, 10 minutes)
B6: a) In your Service team's SharePoint site (or a Teams channel's Files tab), create a folder called 'Enquiry Log' and upload this workbook into it.
B7: b) Next to it create a folder called 'Enquiry Quotes'. Open that folder in the browser, copy the address bar URL, and paste it into Settings → 'Quotes folder URL'. It must end with a slash. If the URL has '?…' after the folder name, delete from the '?' onwards.
B8: c) On the Staff sheet replace the example names with your team and their work email addresses (the email links use these). Delete the Jane Citizen example row on the Enquiry Log.
B9: d) Share the file: click 'Share' in SharePoint, type each person's work email, choose 'Can edit'. Only people it is shared with can open it – that is the approval step.
B10: 2. Make the Quotes folder appear in File Explorer on each PC (once per PC, 2 minutes)
B11: This is what makes attaching quotes easy for everyone. Open the 'Enquiry Quotes' folder in the browser and click 'Sync' in the toolbar (or 'Add shortcut to OneDrive'). It now shows in File Explorer on the left under the dealership name, like any other folder. Right-click it → 'Pin to Quick access' so it is always at the top.
B12: 3. Attaching a quote – three steps, no typing in the sheet
B13: 1) Look at the Ref on the enquiry's row, e.g. E-0012.
B14: 2) From the parts system (or wherever the quote is), choose Print → 'Microsoft Print to PDF' (or Save as PDF), click the 'Enquiry Quotes' folder in Quick access, type the Ref as the file name (E-0012) and Save. If the quote arrived as an email attachment, just drag the attachment into that folder and rename it to the Ref.
... B31: Everything is in this workbook and the Quotes folder on your SharePoint site – inside the dealership's own Microsoft 365 tenant, under IT's existing controls and backups. Nothing is on any other website. SharePoint keeps version history: right-click the file → Version history to restore an earlier copy if something is deleted by mistake.

Sheet Enquiry Log
A1: PRESTON MAZDA · Customer Enquiry Log | J1: =HYPERLINK(Settings!$B$7,"Open the quotes folder ↗") -> Open the quotes folder ↗
D2: CUSTOMER | J2: PARTS QUOTE | K2: NOTES | M2: SERVICE ADVISOR | P2: PARTS DEPARTMENT | T2: EMAIL ALERTS – ONE CLICK, THEN PRESS SEND
A3: Ref | B3: Date Logged | C3: Logged By | D3: Customer Name | E3: Registration | F3: Contact Number | G3: Email Address | H3: Preferred Method | I3: Enquiry | J3: Quote (PDF) | K3: Notes | L3: Spoke To Customer | M3: Service Advisor | N3: Contact Customer | O3: Advisor Done | P3: Parts Person | Q3: Quote Required | R3: Parts Done | S3: Status | T3: Email Parts | U3: Email Advisors | V3: Email the Advisor | W3: Email the Parts Person
A4: =IF(D4="","","E-"&TEXT(ROW()-3,"0000")) -> E-0001 | B4: 46289 | C4: Steve Smith | D4: Jane Citizen | E4: ABC123 | F4: 0400 000 000 | G4: jane@example.com | H4: Text | I4: Price on front brake pads and rotors for a 2019 CX-5. | J4: =IF(D4="","",HYPERLINK(Settings!$B$7&A4&".pdf","Open "&A4&".pdf")) -> Open E-0001.pdf | K4: 24/09 Customer called, wants the quote by Friday. – Sam | L4: Sam Carter | M4: Sam Carter | N4: Yes | O4: No | P4: Pat Nguyen | Q4: Yes | R4: No | S4: =IF(D4="","",IF(AND(O4="Yes",OR(Q4<>"Yes",R4="Yes")),"Complete","Open")) -> Open | T4: =IF(AND(Q4="Yes",R4<>"Yes"),HYPERLINK("mailto:"&Settings!$B$5&"?subject="&SUBSTITUTE(SUBSTITUTE(SUBSTITUTE(SUBSTITUTE(SUBSTITUTE("Parts quote required - "&D4&" "&E4,"%","%25"),"&","%26")," ","%20"),"#","%23"),CHAR(10),"%0A")&"&body="&SUBSTITUTE(SUBSTITUTE(SUBSTITUTE(SUBSTITUTE(SUBSTITUTE("Ref: "&A4&CHAR(10)&"Customer: "&D4&" "&E4&CHAR(10)&"Phone: "&F4&CHAR(10)&"Email: "&G4&CHAR(10)&"Prefers: "&H4&CHAR(10)&"Enquiry: "&LEFT(I4,600)&CHAR(10)&CHAR(10)&"Sent from the Preston Mazda enquiry log.","%","%25"),"&","%26")," ","%20"),"#","%23"),CHAR(10),"%0A"),"✉ Email parts"),"") -> ✉ Email parts | U4: =IF(AND(N4="Yes",O4<>"Yes"),HYPERLINK("mailto:"&Settings!$B$6&"?subject="&SUBSTITUTE(SUBSTITUTE(SUBSTITUTE(SUBSTITUTE(SUBSTITUTE("Customer contact required - "&D4&" "&E4,"%","%25"),"&","%26")," ","%20"),"#","%23"),CHAR(10),"%0A")&"&body="&SUBSTITUTE(SUBSTITUTE(SUBSTITUTE(SUBSTITUTE(SUBSTITUTE("Ref: "&A4&CHAR(10)&"Customer: "&D4&" "&E4&CHAR(10)&"Phone: "&F4&CHAR(10)&"Email: "&G4&CHAR(10)&"Prefers: "&H4&CHAR(10)&"Enquiry: "&LEFT(I4,600)&CHAR(10)&CHAR(10)&"Sent from the Preston Mazda enquiry log.","%","%25"),"&","%26")," ","%20"),"#","%23"),CHAR(10),"%0A"),"✉ Email advisors"),"") -> ✉ Email advisors | V4: =IF(OR(M4="",IFERROR(INDEX(Staff!$B$4:$B$33,MATCH(M4,Staff!$A$4:$A$33,0)),"")=""),"",HYPERLINK("mailto:"&IFERROR(INDEX(Staff!$B$4:$B$33,MATCH(M4,Staff!$A$4:$A$33,0)),"")&"?subject="&SUBSTITUTE(SUBSTITUTE(SUBSTITUTE(SUBSTITUTE(SUBSTITUTE("Enquiry "&A4&" allocated to you - "&D4,"%","%25"),"&","%26")," ","%20"),"#","%23"),CHAR(10),"%0A")&"&body="&SUBSTITUTE(SUBSTITUTE(SUBSTITUTE(SUBSTITUTE(SUBSTITUTE("Ref: "&A4&CHAR(10)&"Customer: "&D4&" "&E4&CHAR(10)&"Phone: "&F4&CHAR(10)&"Email: "&G4&CHAR(10)&"Prefers: "&H4&CHAR(10)&"Enquiry: "&LEFT(I4,600)&CHAR(10)&CHAR(10)&"Sent from the Preston Mazda enquiry log.","%","%25"),"&","%26")," ","%20"),"#","%23"),CHAR(10),"%0A"),"✉ Email "&M4)) -> ✉ Email Sam Carter | W4: =IF(OR(P4="",IFERROR(INDEX(Staff!$E$4:$E$33,MATCH(P4,Staff!$D$4:$D$33,0)),"")=""),"",HYPERLINK("mailto:"&IFERROR(INDEX(Staff!$E$4:$E$33,MATCH(P4,Staff!$D$4:$D$33,0)),"")&"?subject="&SUBSTITUTE(SUBSTITUTE(SUBSTITUTE(SUBSTITUTE(SUBSTITUTE("Parts quote "&A4&" allocated to you - "&D4,"%","%25"),"&","%26")," ","%20"),"#","%23"),CHAR(10),"%0A")&"&body="&SUBSTITUTE(SUBSTITUTE(SUBSTITUTE(SUBSTITUTE(SUBSTITUTE("Ref: "&A4&CHAR(10)&"Customer: "&D4&" "&E4&CHAR(10)&"Phone: "&F4&CHAR(10)&"Email: "&G4&CHAR(10)&"Prefers: "&H4&CHAR(10)&"Enquiry: "&LEFT(I4,600)&CHAR(10)&CHAR(10)&"Sent from the Preston Mazda enquiry log.","%","%25"),"&","%26")," ","%20"),"#","%23"),CHAR(10),"%0A"),"✉ Email "&P4)) -> ✉ Email Pat Nguyen
A5: =IF(D5="","","E-"&TEXT(ROW()-3,"0000")) | J5: =IF(D5="","",HYPERLINK(Settings!$B$7&A5&".pdf","Open "&A5&".pdf")) | S5: =IF(D5="","",IF(AND(O5="Yes",OR(Q5<>"Yes",R5="Yes")),"Complete","Open")) | T5: =IF(AND(Q5="Yes",R5<>"Yes"),HYPERLINK("mailto:"&Settings!$B$5&"?subject="&SUBSTITUTE(SUBSTITUTE(SUBSTITUTE(SUBSTITUTE(SUBSTITUTE("Parts quote required - "&D5&" "&E5,"%","%25"),"&","%26")," ","%20"),"#","%23"),CHAR(10),"%0A")&"&body="&SUBSTITUTE(SUBSTITUTE(SUBSTITUTE(SUBSTITUTE(SUBSTITUTE("Ref: "&A5&CHAR(10)&"Customer: "&D5&" "&E5&CHAR(10)&"Phone: "&F5&CHAR(10)&"Email: "&G5&CHAR(10)&"Prefers: "&H5&CHAR(10)&"Enquiry: "&LEFT(I5,600)&CHAR(10)&CHAR(10)&"Sent from the Preston Mazda enquiry log.","%","%25"),"&","%26")," ","%20"),"#","%23"),CHAR(10),"%0A"),"✉ Email parts"),"") | U5: =IF(AND(N5="Yes",O5<>"Yes"),HYPERLINK("mailto:"&Settings!$B$6&"?subject="&SUBSTITUTE(SUBSTITUTE(SUBSTITUTE(SUBSTITUTE(SUBSTITUTE("Customer contact required - "&D5&" "&E5,"%","%25"),"&","%26")," ","%20"),"#","%23"),CHAR(10),"%0A")&"&body="&SUBSTITUTE(SUBSTITUTE(SUBSTITUTE(SUBSTITUTE(SUBSTITUTE("Ref: "&A5&CHAR(10)&"Customer: "&D5&" "&E5&CHAR(10)&"Phone: "&F5&CHAR(10)&"Email: "&G5&CHAR(10)&"Prefers: "&H5&CHAR(10)&"Enquiry: "&LEFT(I5,600)&CHAR(10)&CHAR(10)&"Sent from the Preston Mazda enquiry log.","%","%25"),"&","%26")," ","%20"),"#","%23"),CHAR(10),"%0A"),"✉ Email advisors"),"") | V5: =IF(OR(M5="",IFERROR(INDEX(Staff!$B$4:$B$33,MATCH(M5,Staff!$A$4:$A$33,0)),"")=""),"",HYPERLINK("mailto:"&IFERROR(INDEX(Staff!$B$4:$B$33,MATCH(M5,Staff!$A$4:$A$33,0)),"")&"?subject="&SUBSTITUTE(SUBSTITUTE(SUBSTITUTE(SUBSTITUTE(SUBSTITUTE("Enquiry "&A5&" allocated to you - "&D5,"%","%25"),"&","%26")," ","%20"),"#","%23"),CHAR(10),"%0A")&"&body="&SUBSTITUTE(SUBSTITUTE(SUBSTITUTE(SUBSTITUTE(SUBSTITUTE("Ref: "&A5&CHAR(10)&"Customer: "&D5&" "&E5&CHAR(10)&"Phone: "&F5&CHAR(10)&"Email: "&G5&CHAR(10)&"Prefers: "&H5&CHAR(10)&"Enquiry: "&LEFT(I5,600)&CHAR(10)&CHAR(10)&"Sent from the Preston Mazda enquiry log.","%","%25"),"&","%26")," ","%20"),"#","%23"),CHAR(10),"%0A"),"✉ Email "&M5)) | W5: =IF(OR(P5="",IFERROR(INDEX(Staff!$E$4:$E$33,MATCH(P5,Staff!$D$4:$D$33,0)),"")=""),"",HYPERLINK("mailto:"&IFERROR(INDEX(Staff!$E$4:$E$33,MATCH(P5,Staff!$D$4:$D$33,0)),"")&"?subject="&SUBSTITUTE(SUBSTITUTE(SUBSTITUTE(SUBSTITUTE(SUBSTITUTE("Parts quote "&A5&" allocated to you - "&D5,"%","%25"),"&","%26")," ","%20"),"#","%23"),CHAR(10),"%0A")&"&body="&SUBSTITUTE(SUBSTITUTE(SUBSTITUTE(SUBSTITUTE(SUBSTITUTE("Ref: "&A5&CHAR(10)&"Customer: "&D5&" "&E5&CHAR(10)&"Phone: "&F5&CHAR(10)&"Email: "&G5&CHAR(10)&"Prefers: "&H5&CHAR(10)&"Enquiry: "&LEFT(I5,600)&CHAR(10)&CHAR(10)&"Sent from the Preston Mazda enquiry log.","%","%25"),"&","%26")," ","%20"),"#","%23"),CHAR(10),"%0A"),"✉ Email "&P5))
A6: =IF(D6="","","E-"&TEXT(ROW()-3,"0000")) | J6: =IF(D6="","",HYPERLINK(Settings!$B$7&A6&".pdf","Open "&A6&".pdf")) | S6: =IF(D6="","",IF(AND(O6="Yes",OR(Q6<>"Yes",R6="Yes")),"Complete","Open")) | T6: =IF(AND(Q6="Yes",R6<>"Yes"),HYPERLINK("mailto:"&Settings!$B$5&"?subject="&SUBSTITUTE(SUBSTITUTE(SUBSTITUTE(SUBSTITUTE(SUBSTITUTE("Parts quote required - "&D6&" "&E6,"%","%25"),"&","%26")," ","%20"),"#","%23"),CHAR(10),"%0A")&"&body="&SUBSTITUTE(SUBSTITUTE(SUBSTITUTE(SUBSTITUTE(SUBSTITUTE("Ref: "&A6&CHAR(10)&"Customer: "&D6&" "&E6&CHAR(10)&"Phone: "&F6&CHAR(10)&"Email: "&G6&CHAR(10)&"Prefers: "&H6&CHAR(10)&"Enquiry: "&LEFT(I6,600)&CHAR(10)&CHAR(10)&"Sent from the Preston Mazda enquiry log.","%","%25"),"&","%26")," ","%20"),"#","%23"),CHAR(10),"%0A"),"✉ Email parts"),"") | U6: =IF(AND(N6="Yes",O6<>"Yes"),HYPERLINK("mailto:"&Settings!$B$6&"?subject="&SUBSTITUTE(SUBSTITUTE(SUBSTITUTE(SUBSTITUTE(SUBSTITUTE("Customer contact required - "&D6&" "&E6,"%","%25"),"&","%26")," ","%20"),"#","%23"),CHAR(10),"%0A")&"&body="&SUBSTITUTE(SUBSTITUTE(SUBSTITUTE(SUBSTITUTE(SUBSTITUTE("Ref: "&A6&CHAR(10)&"Customer: "&D6&" "&E6&CHAR(10)&"Phone: "&F6&CHAR(10)&"Email: "&G6&CHAR(10)&"Prefers: "&H6&CHAR(10)&"Enquiry: "&LEFT(I6,600)&CHAR(10)&CHAR(10)&"Sent from the Preston Mazda enquiry log.","%","%25"),"&","%26")," ","%20"),"#","%23"),CHAR(10),"%0A"),"✉ Email advisors"),"") | V6: =IF(OR(M6="",IFERROR(INDEX(Staff!$B$4:$B$33,MATCH(M6,Staff!$A$4:$A$33,0)),"")=""),"",HYPERLINK("mailto:"&IFERROR(INDEX(Staff!$B$4:$B$33,MATCH(M6,Staff!$A$4:$A$33,0)),"")&"?subject="&SUBSTITUTE(SUBSTITUTE(SUBSTITUTE(SUBSTITUTE(SUBSTITUTE("Enquiry "&A6&" allocated to you - "&D6,"%","%25"),"&","%26")," ","%20"),"#","%23"),CHAR(10),"%0A")&"&body="&SUBSTITUTE(SUBSTITUTE(SUBSTITUTE(SUBSTITUTE(SUBSTITUTE("Ref: "&A6&CHAR(10)&"Customer: "&D6&" "&E6&CHAR(10)&"Phone: "&F6&CHAR(10)&"Email: "&G6&CHAR(10)&"Prefers: "&H6&CHAR(10)&"Enquiry: "&LEFT(I6,600)&CHAR(10)&CHAR(10)&"Sent from the Preston Mazda enquiry log.","%","%25"),"&","%26")," ","%20"),"#","%23"),CHAR(10),"%0A"),"✉ Email "&M6)) | W6: =IF(OR(P6="",IFERROR(INDEX(Staff!$E$4:$E$33,MATCH(P6,Staff!$D$4:$D$33,0)),"")=""),"",HYPERLINK("mailto:"&IFERROR(INDEX(Staff!$E$4:$E$33,MATCH(P6,Staff!$D$4:$D$33,0)),"")&"?subject="&SUBSTITUTE(SUBSTITUTE(SUBSTITUTE(SUBSTITUTE(SUBSTITUTE("Parts quote "&A6&" allocated to you - "&D6,"%","%25"),"&","%26")," ","%20"),"#","%23"),CHAR(10),"%0A")&"&body="&SUBSTITUTE(SUBSTITUTE(SUBSTITUTE(SUBSTITUTE(SUBSTITUTE("Ref: "&A6&CHAR(10)&"Customer: "&D6&" "&E6&CHAR(10)&"Phone: "&F6&CHAR(10)&"Email: "&G6&CHAR(10)&"Prefers: "&H6&CHAR(10)&"Enquiry: "&LEFT(I6,600)&CHAR(10)&CHAR(10)&"Sent from the Preston Mazda enquiry log.","%","%25"),"&","%26")," ","%20"),"#","%23"),CHAR(10),"%0A"),"✉ Email "&P6))
A7: =IF(D7="","","E-"&TEXT(ROW()-3,"0000")) | J7: =IF(D7="","",HYPERLINK(Settings!$B$7&A7&".pdf","Open "&A7&".pdf")) | S7: =IF(D7="","",IF(AND(O7="Yes",OR(Q7<>"Yes",R7="Yes")),"Complete","Open")) | T7: =IF(AND(Q7="Yes",R7<>"Yes"),HYPERLINK("mailto:"&Settings!$B$5&"?subject="&SUBSTITUTE(SUBSTITUTE(SUBSTITUTE(SUBSTITUTE(SUBSTITUTE("Parts quote required - "&D7&" "&E7,"%","%25"),"&","%26")," ","%20"),"#","%23"),CHAR(10),"%0A")&"&body="&SUBSTITUTE(SUBSTITUTE(SUBSTITUTE(SUBSTITUTE(SUBSTITUTE("Ref: "&A7&CHAR(10)&"Customer: "&D7&" "&E7&CHAR(10)&"Phone: "&F7&CHAR(10)&"Email: "&G7&CHAR(10)&"Prefers: "&H7&CHAR(10)&"Enquiry: "&LEFT(I7,600)&CHAR(10)&CHAR(10)&"Sent from the Preston Mazda enquiry log.","%","%25"),"&","%26")," ","%20"),"#","%23"),CHAR(10),"%0A"),"✉ Email parts"),"") | U7: =IF(AND(N7="Yes",O7<>"Yes"),HYPERLINK("mailto:"&Settings!$B$6&"?subject="&SUBSTITUTE(SUBSTITUTE(SUBSTITUTE(SUBSTITUTE(SUBSTITUTE("Customer contact required - "&D7&" "&E7,"%","%25"),"&","%26")," ","%20"),"#","%23"),CHAR(10),"%0A")&"&body="&SUBSTITUTE(SUBSTITUTE(SUBSTITUTE(SUBSTITUTE(SUBSTITUTE("Ref: "&A7&CHAR(10)&"Customer: "&D7&" "&E7&CHAR(10)&"Phone: "&F7&CHAR(10)&"Email: "&G7&CHAR(10)&"Prefers: "&H7&CHAR(10)&"Enquiry: "&LEFT(I7,600)&CHAR(10)&CHAR(10)&"Sent from the Preston Mazda enquiry log.","%","%25"),"&","%26")," ","%20"),"#","%23"),CHAR(10),"%0A"),"✉ Email advisors"),"") | V7: =IF(OR(M7="",IFERROR(INDEX(Staff!$B$4:$B$33,MATCH(M7,Staff!$A$4:$A$33,0)),"")=""),"",HYPERLINK("mailto:"&IFERROR(INDEX(Staff!$B$4:$B$33,MATCH(M7,Staff!$A$4:$A$33,0)),"")&"?subject="&SUBSTITUTE(SUBSTITUTE(SUBSTITUTE(SUBSTITUTE(SUBSTITUTE("Enquiry "&A7&" allocated to you - "&D7,"%","%25"),"&","%26")," ","%20"),"#","%23"),CHAR(10),"%0A")&"&body="&SUBSTITUTE(SUBSTITUTE(SUBSTITUTE(SUBSTITUTE(SUBSTITUTE("Ref: "&A7&CHAR(10)&"Customer: "&D7&" "&E7&CHAR(10)&"Phone: "&F7&CHAR(10)&"Email: "&G7&CHAR(10)&"Prefers: "&H7&CHAR(10)&"Enquiry: "&LEFT(I7,600)&CHAR(10)&CHAR(10)&"Sent from the Preston Mazda enquiry log.","%","%25"),"&","%26")," ","%20"),"#","%23"),CHAR(10),"%0A"),"✉ Email "&M7)) | W7: =IF(OR(P7="",IFERROR(INDEX(Staff!$E$4:$E$33,MATCH(P7,Staff!$D$4:$D$33,0)),"")=""),"",HYPERLINK("mailto:"&IFERROR(INDEX(Staff!$E$4:$E$33,MATCH(P7,Staff!$D$4:$D$33,0)),"")&"?subject="&SUBSTITUTE(SUBSTITUTE(SUBSTITUTE(SUBSTITUTE(SUBSTITUTE("Parts quote "&A7&" allocated to you - "&D7,"%","%25"),"&","%26")," ","%20"),"#","%23"),CHAR(10),"%0A")&"&body="&SUBSTITUTE(SUBSTITUTE(SUBSTITUTE(SUBSTITUTE(SUBSTITUTE("Ref: "&A7&CHAR(10)&"Customer: "&D7&" "&E7&CHAR(10)&"Phone: "&F7&CHAR(10)&"Email: "&G7&CHAR(10)&"Prefers: "&H7&CHAR(10)&"Enquiry: "&LEFT(I7,600)&CHAR(10)&CHAR(10)&"Sent from the Preston Mazda enquiry log.","%","%25"),"&","%26")," ","%20"),"#","%23"),CHAR(10),"%0A"),"✉ Email "&P7))
A8: =IF(D8="","","E-"&TEXT(ROW()-3,"0000")) | J8: =IF(D8="","",HYPERLINK(Settings!$B$7&A8&".pdf","Open "&A8&".pdf")) | S8: =IF(D8="","",IF(AND(O8="Yes",OR(Q8<>"Yes",R8="Yes")),"Complete","Open")) | T8: =IF(AND(Q8="Yes",R8<>"Yes"),HYPERLINK("mailto:"&Settings!$B$5&"?subject="&SUBSTITUTE(SUBSTITUTE(SUBSTITUTE(SUBSTITUTE(SUBSTITUTE("Parts quote required - "&D8&" "&E8,"%","%25"),"&","%26")," ","%20"),"#","%23"),CHAR(10),"%0A")&"&body="&SUBSTITUTE(SUBSTITUTE(SUBSTITUTE(SUBSTITUTE(SUBSTITUTE("Ref: "&A8&CHAR(10)&"Customer: "&D8&" "&E8&CHAR(10)&"Phone: "&F8&CHAR(10)&"Email: "&G8&CHAR(10)&"Prefers: "&H8&CHAR(10)&"Enquiry: "&LEFT(I8,600)&CHAR(10)&CHAR(10)&"Sent from the Preston Mazda enquiry log.","%","%25"),"&","%26")," ","%20"),"#","%23"),CHAR(10),"%0A"),"✉ Email parts"),"") | U8: =IF(AND(N8="Yes",O8<>"Yes"),HYPERLINK("mailto:"&Settings!$B$6&"?subject="&SUBSTITUTE(SUBSTITUTE(SUBSTITUTE(SUBSTITUTE(SUBSTITUTE("Customer contact required - "&D8&" "&E8,"%","%25"),"&","%26")," ","%20"),"#","%23"),CHAR(10),"%0A")&"&body="&SUBSTITUTE(SUBSTITUTE(SUBSTITUTE(SUBSTITUTE(SUBSTITUTE("Ref: "&A8&CHAR(10)&"Customer: "&D8&" "&E8&CHAR(10)&"Phone: "&F8&CHAR(10)&"Email: "&G8&CHAR(10)&"Prefers: "&H8&CHAR(10)&"Enquiry: "&LEFT(I8,600)&CHAR(10)&CHAR(10)&"Sent from the Preston Mazda enquiry log.","%","%25"),"&","%26")," ","%20"),"#","%23"),CHAR(10),"%0A"),"✉ Email advisors"),"") | V8: =IF(OR(M8="",IFERROR(INDEX(Staff!$B$4:$B$33,MATCH(M8,Staff!$A$4:$A$33,0)),"")=""),"",HYPERLINK("mailto:"&IFERROR(INDEX(Staff!$B$4:$B$33,MATCH(M8,Staff!$A$4:$A$33,0)),"")&"?subject="&SUBSTITUTE(SUBSTITUTE(SUBSTITUTE(SUBSTITUTE(SUBSTITUTE("Enquiry "&A8&" allocated to you - "&D8,"%","%25"),"&","%26")," ","%20"),"#","%23"),CHAR(10),"%0A")&"&body="&SUBSTITUTE(SUBSTITUTE(SUBSTITUTE(SUBSTITUTE(SUBSTITUTE("Ref: "&A8&CHAR(10)&"Customer: "&D8&" "&E8&CHAR(10)&"Phone: "&F8&CHAR(10)&"Email: "&G8&CHAR(10)&"Prefers: "&H8&CHAR(10)&"Enquiry: "&LEFT(I8,600)&CHAR(10)&CHAR(10)&"Sent from the Preston Mazda enquiry log.","%","%25"),"&","%26")," ","%20"),"#","%23"),CHAR(10),"%0A"),"✉ Email "&M8)) | W8: =IF(OR(P8="",IFERROR(INDEX(Staff!$E$4:$E$33,MATCH(P8,Staff!$D$4:$D$33,0)),"")=""),"",HYPERLINK("mailto:"&IFERROR(INDEX(Staff!$E$4:$E$33,MATCH(P8,Staff!$D$4:$D$33,0)),"")&"?subject="&SUBSTITUTE(SUBSTITUTE(SUBSTITUTE(SUBSTITUTE(SUBSTITUTE("Parts quote "&A8&" allocated to you - "&D8,"%","%25"),"&","%26")," ","%20"),"#","%23"),CHAR(10),"%0A")&"&body="&SUBSTITUTE(SUBSTITUTE(SUBSTITUTE(SUBSTITUTE(SUBSTITUTE("Ref: "&A8&CHAR(10)&"Customer: "&D8&" "&E8&CHAR(10)&"Phone: "&F8&CHAR(10)&"Email: "&G8&CHAR(10)&"Prefers: "&H8&CHAR(10)&"Enquiry: "&LEFT(I8,600)&CHAR(10)&CHAR(10)&"Sent from the Preston Mazda enquiry log.","%","%25"),"&","%26")," ","%20"),"#","%23"),CHAR(10),"%0A"),"✉ Email "&P8))
A9: =IF(D9="","","E-"&TEXT(ROW()-3,"0000")) | J9: =IF(D9="","",HYPERLINK(Settings!$B$7&A9&".pdf","Open "&A9&".pdf")) | S9: =IF(D9="","",IF(AND(O9="Yes",OR(Q9<>"Yes",R9="Yes")),"Complete","Open")) | T9: =IF(AND(Q9="Yes",R9<>"Yes"),HYPERLINK("mailto:"&Settings!$B$5&"?subject="&SUBSTITUTE(SUBSTITUTE(SUBSTITUTE(SUBSTITUTE(SUBSTITUTE("Parts quote required - "&D9&" "&E9,"%","%25"),"&","%26")," ","%20"),"#","%23"),CHAR(10),"%0A")&"&body="&SUBSTITUTE(SUBSTITUTE(SUBSTITUTE(SUBSTITUTE(SUBSTITUTE("Ref: "&A9&CHAR(10)&"Customer: "&D9&" "&E9&CHAR(10)&"Phone: "&F9&CHAR(10)&"Email: "&G9&CHAR(10)&"Prefers: "&H9&CHAR(10)&"Enquiry: "&LEFT(I9,600)&CHAR(10)&CHAR(10)&"Sent from the Preston Mazda enquiry log.","%","%25"),"&","%26")," ","%20"),"#","%23"),CHAR(10),"%0A"),"✉ Email parts"),"") | U9: =IF(AND(N9="Yes",O9<>"Yes"),HYPERLINK("mailto:"&Settings!$B$6&"?subject="&SUBSTITUTE(SUBSTITUTE(SUBSTITUTE(SUBSTITUTE(SUBSTITUTE("Customer contact required - "&D9&" "&E9,"%","%25"),"&","%26")," ","%20"),"#","%23"),CHAR(10),"%0A")&"&body="&SUBSTITUTE(SUBSTITUTE(SUBSTITUTE(SUBSTITUTE(SUBSTITUTE("Ref: "&A9&CHAR(10)&"Customer: "&D9&" "&E9&CHAR(10)&"Phone: "&F9&CHAR(10)&"Email: "&G9&CHAR(10)&"Prefers: "&H9&CHAR(10)&"Enquiry: "&LEFT(I9,600)&CHAR(10)&CHAR(10)&"Sent from the Preston Mazda enquiry log.","%","%25"),"&","%26")," ","%20"),"#","%23"),CHAR(10),"%0A"),"✉ Email advisors"),"") | V9: =IF(OR(M9="",IFERROR(INDEX(Staff!$B$4:$B$33,MATCH(M9,Staff!$A$4:$A$33,0)),"")=""),"",HYPERLINK("mailto:"&IFERROR(INDEX(Staff!$B$4:$B$33,MATCH(M9,Staff!$A$4:$A$33,0)),"")&"?subject="&SUBSTITUTE(SUBSTITUTE(SUBSTITUTE(SUBSTITUTE(SUBSTITUTE("Enquiry "&A9&" allocated to you - "&D9,"%","%25"),"&","%26")," ","%20"),"#","%23"),CHAR(10),"%0A")&"&body="&SUBSTITUTE(SUBSTITUTE(SUBSTITUTE(SUBSTITUTE(SUBSTITUTE("Ref: "&A9&CHAR(10)&"Customer: "&D9&" "&E9&CHAR(10)&"Phone: "&F9&CHAR(10)&"Email: "&G9&CHAR(10)&"Prefers: "&H9&CHAR(10)&"Enquiry: "&LEFT(I9,600)&CHAR(10)&CHAR(10)&"Sent from the Preston Mazda enquiry log.","%","%25"),"&","%26")," ","%20"),"#","%23"),CHAR(10),"%0A"),"✉ Email "&M9)) | W9: =IF(OR(P9="",IFERROR(INDEX(Staff!$E$4:$E$33,MATCH(P9,Staff!$D$4:$D$33,0)),"")=""),"",HYPERLINK("mailto:"&IFERROR(INDEX(Staff!$E$4:$E$33,MATCH(P9,Staff!$D$4:$D$33,0)),"")&"?subject="&SUBSTITUTE(SUBSTITUTE(SUBSTITUTE(SUBSTITUTE(SUBSTITUTE("Parts quote "&A9&" allocated to you - "&D9,"%","%25"),"&","%26")," ","%20"),"#","%23"),CHAR(10),"%0A")&"&body="&SUBSTITUTE(SUBSTITUTE(SUBSTITUTE(SUBSTITUTE(SUBSTITUTE("Ref: "&A9&CHAR(10)&"Customer: "&D9&" "&E9&CHAR(10)&"Phone: "&F9&CHAR(10)&"Email: "&G9&CHAR(10)&"Prefers: "&H9&CHAR(10)&"Enquiry: "&LEFT(I9,600)&CHAR(10)&CHAR(10)&"Sent from the Preston Mazda enquiry log.","%","%25"),"&","%26")," ","%20"),"#","%23"),CHAR(10),"%0A"),"✉ Email "&P9))
A10: =IF(D10="","","E-"&TEXT(ROW()-3,"0000")) | J10: =IF(D10="","",HYPERLINK(Settings!$B$7&A10&".pdf","Open "&A10&".pdf")) | S10: =IF(D10="","",IF(AND(O10="Yes",OR(Q10<>"Yes",R10="Yes")),"Complete","Open")) | T10: =IF(AND(Q10="Yes",R10<>"Yes"),HYPERLINK("mailto:"&Settings!$B$5&"?subject="&SUBSTITUTE(SUBSTITUTE(SUBSTITUTE(SUBSTITUTE(SUBSTITUTE("Parts quote required - "&D10&" "&E10,"%","%25"),"&","%26")," ","%20"),"#","%23"),CHAR(10),"%0A")&"&body="&SUBSTITUTE(SUBSTITUTE(SUBSTITUTE(SUBSTITUTE(SUBSTITUTE("Ref: "&A10&CHAR(10)&"Customer: "&D10&" "&E10&CHAR(10)&"Phone: "&F10&CHAR(10)&"Email: "&G10&CHAR(10)&"Prefers: "&H10&CHAR(10)&"Enquiry: "&LEFT(I10,600)&CHAR(10)&CHAR(10)&"Sent from the Preston Mazda enquiry log.","%","%25"),"&","%26")," ","%20"),"#","%23"),CHAR(10),"%0A"),"✉ Email parts"),"") | U10: =IF(AND(N10="Yes",O10<>"Yes"),HYPERLINK("mailto:"&Settings!$B$6&"?subject="&SUBSTITUTE(SUBSTITUTE(SUBSTITUTE(SUBSTITUTE(SUBSTITUTE("Customer contact required - "&D10&" "&E10,"%","%25"),"&","%26")," ","%20"),"#","%23"),CHAR(10),"%0A")&"&body="&SUBSTITUTE(SUBSTITUTE(SUBSTITUTE(SUBSTITUTE(SUBSTITUTE("Ref: "&A10&CHAR(10)&"Customer: "&D10&" "&E10&CHAR(10)&"Phone: "&F10&CHAR(10)&"Email: "&G10&CHAR(10)&"Prefers: "&H10&CHAR(10)&"Enquiry: "&LEFT(I10,600)&CHAR(10)&CHAR(10)&"Sent from the Preston Mazda enquiry log.","%","%25"),"&","%26")," ","%20"),"#","%23"),CHAR(10),"%0A"),"✉ Email advisors"),"") | V10: =IF(OR(M10="",IFERROR(INDEX(Staff!$B$4:$B$33,MATCH(M10,Staff!$A$4:$A$33,0)),"")=""),"",HYPERLINK("mailto:"&IFERROR(INDEX(Staff!$B$4:$B$33,MATCH(M10,Staff!$A$4:$A$33,0)),"")&"?subject="&SUBSTITUTE(SUBSTITUTE(SUBSTITUTE(SUBSTITUTE(SUBSTITUTE("Enquiry "&A10&" allocated to you - "&D10,"%","%25"),"&","%26")," ","%20"),"#","%23"),CHAR(10),"%0A")&"&body="&SUBSTITUTE(SUBSTITUTE(SUBSTITUTE(SUBSTITUTE(SUBSTITUTE("Ref: "&A10&CHAR(10)&"Customer: "&D10&" "&E10&CHAR(10)&"Phone: "&F10&CHAR(10)&"Email: "&G10&CHAR(10)&"Prefers: "&H10&CHAR(10)&"Enquiry: "&LEFT(I10,600)&CHAR(10)&CHAR(10)&"Sent from the Preston Mazda enquiry log.","%","%25"),"&","%26")," ","%20"),"#","%23"),CHAR(10),"%0A"),"✉ Email "&M10)) | W10: =IF(OR(P10="",IFERROR(INDEX(Staff!$E$4:$E$33,MATCH(P10,Staff!$D$4:$D$33,0)),"")=""),"",HYPERLINK("mailto:"&IFERROR(INDEX(Staff!$E$4:$E$33,MATCH(P10,Staff!$D$4:$D$33,0)),"")&"?subject="&SUBSTITUTE(SUBSTITUTE(SUBSTITUTE(SUBSTITUTE(SUBSTITUTE("Parts quote "&A10&" allocated to you - "&D10,"%","%25"),"&","%26")," ","%20"),"#","%23"),CHAR(10),"%0A")&"&body="&SUBSTITUTE(SUBSTITUTE(SUBSTITUTE(SUBSTITUTE(SUBSTITUTE("Ref: "&A10&CHAR(10)&"Customer: "&D10&" "&E10&CHAR(10)&"Phone: "&F10&CHAR(10)&"Email: "&G10&CHAR(10)&"Prefers: "&H10&CHAR(10)&"Enquiry: "&LEFT(I10,600)&CHAR(10)&CHAR(10)&"Sent from the Preston Mazda enquiry log.","%","%25"),"&","%26")," ","%20"),"#","%23"),CHAR(10),"%0A"),"✉ Email "&P10))
A11: =IF(D11="","","E-"&TEXT(ROW()-3,"0000")) | J11: =IF(D11="","",HYPERLINK(Settings!$B$7&A11&".pdf","Open "&A11&".pdf")) | S11: =IF(D11="","",IF(AND(O11="Yes",OR(Q11<>"Yes",R11="Yes")),"Complete","Open")) | T11: =IF(AND(Q11="Yes",R11<>"Yes"),HYPERLINK("mailto:"&Settings!$B$5&"?subject="&SUBSTITUTE(SUBSTITUTE(SUBSTITUTE(SUBSTITUTE(SUBSTITUTE("Parts quote required - "&D11&" "&E11,"%","%25"),"&","%26")," ","%20"),"#","%23"),CHAR(10),"%0A")&"&body="&SUBSTITUTE(SUBSTITUTE(SUBSTITUTE(SUBSTITUTE(SUBSTITUTE("Ref: "&A11&CHAR(10)&"Customer: "&D11&" "&E11&CHAR(10)&"Phone: "&F11&CHAR(10)&"Email: "&G11&CHAR(10)&"Prefers: "&H11&CHAR(10)&"Enquiry: "&LEFT(I11,600)&CHAR(10)&CHAR(10)&"Sent from the Preston Mazda enquiry log.","%","%25"),"&","%26")," ","%20"),"#","%23"),CHAR(10),"%0A"),"✉ Email parts"),"") | U11: =IF(AND(N11="Yes",O11<>"Yes"),HYPERLINK("mailto:"&Settings!$B$6&"?subject="&SUBSTITUTE(SUBSTITUTE(SUBSTITUTE(SUBSTITUTE(SUBSTITUTE("Customer contact required - "&D11&" "&E11,"%","%25"),"&","%26")," ","%20"),"#","%23"),CHAR(10),"%0A")&"&body="&SUBSTITUTE(SUBSTITUTE(SUBSTITUTE(SUBSTITUTE(SUBSTITUTE("Ref: "&A11&CHAR(10)&"Customer: "&D11&" "&E11&CHAR(10)&"Phone: "&F11&CHAR(10)&"Email: "&G11&CHAR(10)&"Prefers: "&H11&CHAR(10)&"Enquiry: "&LEFT(I11,600)&CHAR(10)&CHAR(10)&"Sent from the Preston Mazda enquiry log.","%","%25"),"&","%26")," ","%20"),"#","%23"),CHAR(10),"%0A"),"✉ Email advisors"),"") | V11: =IF(OR(M11="",IFERROR(INDEX(Staff!$B$4:$B$33,MATCH(M11,Staff!$A$4:$A$33,0)),"")=""),"",HYPERLINK("mailto:"&IFERROR(INDEX(Staff!$B$4:$B$33,MATCH(M11,Staff!$A$4:$A$33,0)),"")&"?subject="&SUBSTITUTE(SUBSTITUTE(SUBSTITUTE(SUBSTITUTE(SUBSTITUTE("Enquiry "&A11&" allocated to you - "&D11,"%","%25"),"&","%26")," ","%20"),"#","%23"),CHAR(10),"%0A")&"&body="&SUBSTITUTE(SUBSTITUTE(SUBSTITUTE(SUBSTITUTE(SUBSTITUTE("Ref: "&A11&CHAR(10)&"Customer: "&D11&" "&E11&CHAR(10)&"Phone: "&F11&CHAR(10)&"Email: "&G11&CHAR(10)&"Prefers: "&H11&CHAR(10)&"Enquiry: "&LEFT(I11,600)&CHAR(10)&CHAR(10)&"Sent from the Preston Mazda enquiry log.","%","%25"),"&","%26")," ","%20"),"#","%23"),CHAR(10),"%0A"),"✉ Email "&M11)) | W11: =IF(OR(P11="",IFERROR(INDEX(Staff!$E$4:$E$33,MATCH(P11,Staff!$D$4:$D$33,0)),"")=""),"",HYPERLINK("mailto:"&IFERROR(INDEX(Staff!$E$4:$E$33,MATCH(P11,Staff!$D$4:$D$33,0)),"")&"?subject="&SUBSTITUTE(SUBSTITUTE(SUBSTITUTE(SUBSTITUTE(SUBSTITUTE("Parts quote "&A11&" allocated to you - "&D11,"%","%25"),"&","%26")," ","%20"),"#","%23"),CHAR(10),"%0A")&"&body="&SUBSTITUTE(SUBSTITUTE(SUBSTITUTE(SUBSTITUTE(SUBSTITUTE("Ref: "&A11&CHAR(10)&"Customer: "&D11&" "&E11&CHAR(10)&"Phone: "&F11&CHAR(10)&"Email: "&G11&CHAR(10)&"Prefers: "&H11&CHAR(10)&"Enquiry: "&LEFT(I11,600)&CHAR(10)&CHAR(10)&"Sent from the Preston Mazda enquiry log.","%","%25"),"&","%26")," ","%20"),"#","%23"),CHAR(10),"%0A"),"✉ Email "&P11))
A12: =IF(D12="","","E-"&TEXT(ROW()-3,"0000")) | J12: =IF(D12="","",HYPERLINK(Settings!$B$7&A12&".pdf","Open "&A12&".pdf")) | S12: =IF(D12="","",IF(AND(O12="Yes",OR(Q12<>"Yes",R12="Yes")),"Complete","Open")) | T12: =IF(AND(Q12="Yes",R12<>"Yes"),HYPERLINK("mailto:"&Settings!$B$5&"?subject="&SUBSTITUTE(SUBSTITUTE(SUBSTITUTE(SUBSTITUTE(SUBSTITUTE("Parts quote required - "&D12&" "&E12,"%","%25"),"&","%26")," ","%20"),"#","%23"),CHAR(10),"%0A")&"&body="&SUBSTITUTE(SUBSTITUTE(SUBSTITUTE(SUBSTITUTE(SUBSTITUTE("Ref: "&A12&CHAR(10)&"Customer: "&D12&" "&E12&CHAR(10)&"Phone: "&F12&CHAR(10)&"Email: "&G12&CHAR(10)&"Prefers: "&H12&CHAR(10)&"Enquiry: "&LEFT(I12,600)&CHAR(10)&CHAR(10)&"Sent from the Preston Mazda enquiry log.","%","%25"),"&","%26")," ","%20"),"#","%23"),CHAR(10),"%0A"),"✉ Email parts"),"") | U12: =IF(AND(N12="Yes",O12<>"Yes"),HYPERLINK("mailto:"&Settings!$B$6&"?subject="&SUBSTITUTE(SUBSTITUTE(SUBSTITUTE(SUBSTITUTE(SUBSTITUTE("Customer contact required - "&D12&" "&E12,"%","%25"),"&","%26")," ","%20"),"#","%23"),CHAR(10),"%0A")&"&body="&SUBSTITUTE(SUBSTITUTE(SUBSTITUTE(SUBSTITUTE(SUBSTITUTE("Ref: "&A12&CHAR(10)&"Customer: "&D12&" "&E12&CHAR(10)&"Phone: "&F12&CHAR(10)&"Email: "&G12&CHAR(10)&"Prefers: "&H12&CHAR(10)&"Enquiry: "&LEFT(I12,600)&CHAR(10)&CHAR(10)&"Sent from the Preston Mazda enquiry log.","%","%25"),"&","%26")," ","%20"),"#","%23"),CHAR(10),"%0A"),"✉ Email advisors"),"") | V12: =IF(OR(M12="",IFERROR(INDEX(Staff!$B$4:$B$33,MATCH(M12,Staff!$A$4:$A$33,0)),"")=""),"",HYPERLINK("mailto:"&IFERROR(INDEX(Staff!$B$4:$B$33,MATCH(M12,Staff!$A$4:$A$33,0)),"")&"?subject="&SUBSTITUTE(SUBSTITUTE(SUBSTITUTE(SUBSTITUTE(SUBSTITUTE("Enquiry "&A12&" allocated to you - "&D12,"%","%25"),"&","%26")," ","%20"),"#","%23"),CHAR(10),"%0A")&"&body="&SUBSTITUTE(SUBSTITUTE(SUBSTITUTE(SUBSTITUTE(SUBSTITUTE("Ref: "&A12&CHAR(10)&"Customer: "&D12&" "&E12&CHAR(10)&"Phone: "&F12&CHAR(10)&"Email: "&G12&CHAR(10)&"Prefers: "&H12&CHAR(10)&"Enquiry: "&LEFT(I12,600)&CHAR(10)&CHAR(10)&"Sent from the Preston Mazda enquiry log.","%","%25"),"&","%26")," ","%20"),"#","%23"),CHAR(10),"%0A"),"✉ Email "&M12)) | W12: =IF(OR(P12="",IFERROR(INDEX(Staff!$E$4:$E$33,MATCH(P12,Staff!$D$4:$D$33,0)),"")=""),"",HYPERLINK("mailto:"&IFERROR(INDEX(Staff!$E$4:$E$33,MATCH(P12,Staff!$D$4:$D$33,0)),"")&"?subject="&SUBSTITUTE(SUBSTITUTE(SUBSTITUTE(SUBSTITUTE(SUBSTITUTE("Parts quote "&A12&" allocated to you - "&D12,"%","%25"),"&","%26")," ","%20"),"#","%23"),CHAR(10),"%0A")&"&body="&SUBSTITUTE(SUBSTITUTE(SUBSTITUTE(SUBSTITUTE(SUBSTITUTE("Ref: "&A12&CHAR(10)&"Customer: "&D12&" "&E12&CHAR(10)&"Phone: "&F12&CHAR(10)&"Email: "&G12&CHAR(10)&"Prefers: "&H12&CHAR(10)&"Enquiry: "&LEFT(I12,600)&CHAR(10)&CHAR(10)&"Sent from the Preston Mazda enquiry log.","%","%25"),"&","%26")," ","%20"),"#","%23"),CHAR(10),"%0A"),"✉ Email "&P12))
A13: =IF(D13="","","E-"&TEXT(ROW()-3,"0000")) | J13: =IF(D13="","",HYPERLINK(Settings!$B$7&A13&".pdf","Open "&A13&".pdf")) | S13: =IF(D13="","",IF(AND(O13="Yes",OR(Q13<>"Yes",R13="Yes")),"Complete","Open")) | T13: =IF(AND(Q13="Yes",R13<>"Yes"),HYPERLINK("mailto:"&Settings!$B$5&"?subject="&SUBSTITUTE(SUBSTITUTE(SUBSTITUTE(SUBSTITUTE(SUBSTITUTE("Parts quote required - "&D13&" "&E13,"%","%25"),"&","%26")," ","%20"),"#","%23"),CHAR(10),"%0A")&"&body="&SUBSTITUTE(SUBSTITUTE(SUBSTITUTE(SUBSTITUTE(SUBSTITUTE("Ref: "&A13&CHAR(10)&"Customer: "&D13&" "&E13&CHAR(10)&"Phone: "&F13&CHAR(10)&"Email: "&G13&CHAR(10)&"Prefers: "&H13&CHAR(10)&"Enquiry: "&LEFT(I13,600)&CHAR(10)&CHAR(10)&"Sent from the Preston Mazda enquiry log.","%","%25"),"&","%26")," ","%20"),"#","%23"),CHAR(10),"%0A"),"✉ Email parts"),"") | U13: =IF(AND(N13="Yes",O13<>"Yes"),HYPERLINK("mailto:"&Settings!$B$6&"?subject="&SUBSTITUTE(SUBSTITUTE(SUBSTITUTE(SUBSTITUTE(SUBSTITUTE("Customer contact required - "&D13&" "&E13,"%","%25"),"&","%26")," ","%20"),"#","%23"),CHAR(10),"%0A")&"&body="&SUBSTITUTE(SUBSTITUTE(SUBSTITUTE(SUBSTITUTE(SUBSTITUTE("Ref: "&A13&CHAR(10)&"Customer: "&D13&" "&E13&CHAR(10)&"Phone: "&F13&CHAR(10)&"Email: "&G13&CHAR(10)&"Prefers: "&H13&CHAR(10)&"Enquiry: "&LEFT(I13,600)&CHAR(10)&CHAR(10)&"Sent from the Preston Mazda enquiry log.","%","%25"),"&","%26")," ","%20"),"#","%23"),CHAR(10),"%0A"),"✉ Email advisors"),"") | V13: =IF(OR(M13="",IFERROR(INDEX(Staff!$B$4:$B$33,MATCH(M13,Staff!$A$4:$A$33,0)),"")=""),"",HYPERLINK("mailto:"&IFERROR(INDEX(Staff!$B$4:$B$33,MATCH(M13,Staff!$A$4:$A$33,0)),"")&"?subject="&SUBSTITUTE(SUBSTITUTE(SUBSTITUTE(SUBSTITUTE(SUBSTITUTE("Enquiry "&A13&" allocated to you - "&D13,"%","%25"),"&","%26")," ","%20"),"#","%23"),CHAR(10),"%0A")&"&body="&SUBSTITUTE(SUBSTITUTE(SUBSTITUTE(SUBSTITUTE(SUBSTITUTE("Ref: "&A13&CHAR(10)&"Customer: "&D13&" "&E13&CHAR(10)&"Phone: "&F13&CHAR(10)&"Email: "&G13&CHAR(10)&"Prefers: "&H13&CHAR(10)&"Enquiry: "&LEFT(I13,600)&CHAR(10)&CHAR(10)&"Sent from the Preston Mazda enquiry log.","%","%25"),"&","%26")," ","%20"),"#","%23"),CHAR(10),"%0A"),"✉ Email "&M13)) | W13: =IF(OR(P13="",IFERROR(INDEX(Staff!$E$4:$E$33,MATCH(P13,Staff!$D$4:$D$33,0)),"")=""),"",HYPERLINK("mailto:"&IFERROR(INDEX(Staff!$E$4:$E$33,MATCH(P13,Staff!$D$4:$D$33,0)),"")&"?subject="&SUBSTITUTE(SUBSTITUTE(SUBSTITUTE(SUBSTITUTE(SUBSTITUTE("Parts quote "&A13&" allocated to you - "&D13,"%","%25"),"&","%26")," ","%20"),"#","%23"),CHAR(10),"%0A")&"&body="&SUBSTITUTE(SUBSTITUTE(SUBSTITUTE(SUBSTITUTE(SUBSTITUTE("Ref: "&A13&CHAR(10)&"Customer: "&D13&" "&E13&CHAR(10)&"Phone: "&F13&CHAR(10)&"Email: "&G13&CHAR(10)&"Prefers: "&H13&CHAR(10)&"Enquiry: "&LEFT(I13,600)&CHAR(10)&CHAR(10)&"Sent from the Preston Mazda enquiry log.","%","%25"),"&","%26")," ","%20"),"#","%23"),CHAR(10),"%0A"),"✉ Email "&P13))
A14: =IF(D14="","","E-"&TEXT(ROW()-3,"0000")) | J14: =IF(D14="","",HYPERLINK(Settings!$B$7&A14&".pdf","Open "&A14&".pdf")) | S14: =IF(D14="","",IF(AND(O14="Yes",OR(Q14<>"Yes",R14="Yes")),"Complete","Open")) | T14: =IF(AND(Q14="Yes",R14<>"Yes"),HYPERLINK("mailto:"&Settings!$B$5&"?subject="&SUBSTITUTE(SUBSTITUTE(SUBSTITUTE(SUBSTITUTE(SUBSTITUTE("Parts quote required - "&D14&" "&E14,"%","%25"),"&","%26")," ","%20"),"#","%23"),CHAR(10),"%0A")&"&body="&SUBSTITUTE(SUBSTITUTE(SUBSTITUTE(SUBSTITUTE(SUBSTITUTE("Ref: "&A14&CHAR(10)&"Customer: "&D14&" "&E14&CHAR(10)&"Phone: "&F14&CHAR(10)&"Email: "&G14&CHAR(10)&"Prefers: "&H14&CHAR(10)&"Enquiry: "&LEFT(I14,600)&CHAR(10)&CHAR(10)&"Sent from the Preston Mazda enquiry log.","%","%25"),"&","%26")," ","%20"),"#","%23"),CHAR(10),"%0A"),"✉ Email parts"),"") | U14: =IF(AND(N14="Yes",O14<>"Yes"),HYPERLINK("mailto:"&Settings!$B$6&"?subject="&SUBSTITUTE(SUBSTITUTE(SUBSTITUTE(SUBSTITUTE(SUBSTITUTE("Customer contact required - "&D14&" "&E14,"%","%25"),"&","%26")," ","%20"),"#","%23"),CHAR(10),"%0A")&"&body="&SUBSTITUTE(SUBSTITUTE(SUBSTITUTE(SUBSTITUTE(SUBSTITUTE("Ref: "&A14&CHAR(10)&"Customer: "&D14&" "&E14&CHAR(10)&"Phone: "&F14&CHAR(10)&"Email: "&G14&CHAR(10)&"Prefers: "&H14&CHAR(10)&"Enquiry: "&LEFT(I14,600)&CHAR(10)&CHAR(10)&"Sent from the Preston Mazda enquiry log.","%","%25"),"&","%26")," ","%20"),"#","%23"),CHAR(10),"%0A"),"✉ Email advisors"),"") | V14: =IF(OR(M14="",IFERROR(INDEX(Staff!$B$4:$B$33,MATCH(M14,Staff!$A$4:$A$33,0)),"")=""),"",HYPERLINK("mailto:"&IFERROR(INDEX(Staff!$B$4:$B$33,MATCH(M14,Staff!$A$4:$A$33,0)),"")&"?subject="&SUBSTITUTE(SUBSTITUTE(SUBSTITUTE(SUBSTITUTE(SUBSTITUTE("Enquiry "&A14&" allocated to you - "&D14,"%","%25"),"&","%26")," ","%20"),"#","%23"),CHAR(10),"%0A")&"&body="&SUBSTITUTE(SUBSTITUTE(SUBSTITUTE(SUBSTITUTE(SUBSTITUTE("Ref: "&A14&CHAR(10)&"Customer: "&D14&" "&E14&CHAR(10)&"Phone: "&F14&CHAR(10)&"Email: "&G14&CHAR(10)&"Prefers: "&H14&CHAR(10)&"Enquiry: "&LEFT(I14,600)&CHAR(10)&CHAR(10)&"Sent from the Preston Mazda enquiry log.","%","%25"),"&","%26")," ","%20"),"#","%23"),CHAR(10),"%0A"),"✉ Email "&M14)) | W14: =IF(OR(P14="",IFERROR(INDEX(Staff!$E$4:$E$33,MATCH(P14,Staff!$D$4:$D$33,0)),"")=""),"",HYPERLINK("mailto:"&IFERROR(INDEX(Staff!$E$4:$E$33,MATCH(P14,Staff!$D$4:$D$33,0)),"")&"?subject="&SUBSTITUTE(SUBSTITUTE(SUBSTITUTE(SUBSTITUTE(SUBSTITUTE("Parts quote "&A14&" allocated to you - "&D14,"%","%25"),"&","%26")," ","%20"),"#","%23"),CHAR(10),"%0A")&"&body="&SUBSTITUTE(SUBSTITUTE(SUBSTITUTE(SUBSTITUTE(SUBSTITUTE("Ref: "&A14&CHAR(10)&"Customer: "&D14&" "&E14&CHAR(10)&"Phone: "&F14&CHAR(10)&"Email: "&G14&CHAR(10)&"Prefers: "&H14&CHAR(10)&"Enquiry: "&LEFT(I14,600)&CHAR(10)&CHAR(10)&"Sent from the Preston Mazda enquiry log.","%","%25"),"&","%26")," ","%20"),"#","%23"),CHAR(10),"%0A"),"✉ Email "&P14))
A15: =IF(D15="","","E-"&TEXT(ROW()-3,"0000")) | J15: =IF(D15="","",HYPERLINK(Settings!$B$7&A15&".pdf","Open "&A15&".pdf")) | S15: =IF(D15="","",IF(AND(O15="Yes",OR(Q15<>"Yes",R15="Yes")),"Complete","Open")) | T15: =IF(AND(Q15="Yes",R15<>"Yes"),HYPERLINK("mailto:"&Settings!$B$5&"?subject="&SUBSTITUTE(SUBSTITUTE(SUBSTITUTE(SUBSTITUTE(SUBSTITUTE("Parts quote required - "&D15&" "&E15,"%","%25"),"&","%26")," ","%20"),"#","%23"),CHAR(10),"%0A")&"&body="&SUBSTITUTE(SUBSTITUTE(SUBSTITUTE(SUBSTITUTE(SUBSTITUTE("Ref: "&A15&CHAR(10)&"Customer: "&D15&" "&E15&CHAR(10)&"Phone: "&F15&CHAR(10)&"Email: "&G15&CHAR(10)&"Prefers: "&H15&CHAR(10)&"Enquiry: "&LEFT(I15,600)&CHAR(10)&CHAR(10)&"Sent from the Preston Mazda enquiry log.","%","%25"),"&","%26")," ","%20"),"#","%23"),CHAR(10),"%0A"),"✉ Email parts"),"") | U15: =IF(AND(N15="Yes",O15<>"Yes"),HYPERLINK("mailto:"&Settings!$B$6&"?subject="&SUBSTITUTE(SUBSTITUTE(SUBSTITUTE(SUBSTITUTE(SUBSTITUTE("Customer contact required - "&D15&" "&E15,"%","%25"),"&","%26")," ","%20"),"#","%23"),CHAR(10),"%0A")&"&body="&SUBSTITUTE(SUBSTITUTE(SUBSTITUTE(SUBSTITUTE(SUBSTITUTE("Ref: "&A15&CHAR(10)&"Customer: "&D15&" "&E15&CHAR(10)&"Phone: "&F15&CHAR(10)&"Email: "&G15&CHAR(10)&"Prefers: "&H15&CHAR(10)&"Enquiry: "&LEFT(I15,600)&CHAR(10)&CHAR(10)&"Sent from the Preston Mazda enquiry log.","%","%25"),"&","%26")," ","%20"),"#","%23"),CHAR(10),"%0A"),"✉ Email advisors"),"") | V15: =IF(OR(M15="",IFERROR(INDEX(Staff!$B$4:$B$33,MATCH(M15,Staff!$A$4:$A$33,0)),"")=""),"",HYPERLINK("mailto:"&IFERROR(INDEX(Staff!$B$4:$B$33,MATCH(M15,Staff!$A$4:$A$33,0)),"")&"?subject="&SUBSTITUTE(SUBSTITUTE(SUBSTITUTE(SUBSTITUTE(SUBSTITUTE("Enquiry "&A15&" allocated to you - "&D15,"%","%25"),"&","%26")," ","%20"),"#","%23"),CHAR(10),"%0A")&"&body="&SUBSTITUTE(SUBSTITUTE(SUBSTITUTE(SUBSTITUTE(SUBSTITUTE("Ref: "&A15&CHAR(10)&"Customer: "&D15&" "&E15&CHAR(10)&"Phone: "&F15&CHAR(10)&"Email: "&G15&CHAR(10)&"Prefers: "&H15&CHAR(10)&"Enquiry: "&LEFT(I15,600)&CHAR(10)&CHAR(10)&"Sent from the Preston Mazda enquiry log.","%","%25"),"&","%26")," ","%20"),"#","%23"),CHAR(10),"%0A"),"✉ Email "&M15)) | W15: =IF(OR(P15="",IFERROR(INDEX(Staff!$E$4:$E$33,MATCH(P15,Staff!$D$4:$D$33,0)),"")=""),"",HYPERLINK("mailto:"&IFERROR(INDEX(Staff!$E$4:$E$33,MATCH(P15,Staff!$D$4:$D$33,0)),"")&"?subject="&SUBSTITUTE(SUBSTITUTE(SUBSTITUTE(SUBSTITUTE(SUBSTITUTE("Parts quote "&A15&" allocated to you - "&D15,"%","%25"),"&","%26")," ","%20"),"#","%23"),CHAR(10),"%0A")&"&body="&SUBSTITUTE(SUBSTITUTE(SUBSTITUTE(SUBSTITUTE(SUBSTITUTE("Ref: "&A15&CHAR(10)&"Customer: "&D15&" "&E15&CHAR(10)&"Phone: "&F15&CHAR(10)&"Email: "&G15&CHAR(10)&"Prefers: "&H15&CHAR(10)&"Enquiry: "&LEFT(I15,600)&CHAR(10)&CHAR(10)&"Sent from the Preston Mazda enquiry log.","%","%25"),"&","%26")," ","%20"),"#","%23"),CHAR(10),"%0A"),"✉ Email "&P15))
A16: =IF(D16="","","E-"&TEXT(ROW()-3,"0000")) | J16: =IF(D16="","",HYPERLINK(Settings!$B$7&A16&".pdf","Open "&A16&".pdf")) | S16: =IF(D16="","",IF(AND(O16="Yes",OR(Q16<>"Yes",R16="Yes")),"Complete","Open")) | T16: =IF(AND(Q16="Yes",R16<>"Yes"),HYPERLINK("mailto:"&Settings!$B$5&"?subject="&SUBSTITUTE(SUBSTITUTE(SUBSTITUTE(SUBSTITUTE(SUBSTITUTE("Parts quote required - "&D16&" "&E16,"%","%25"),"&","%26")," ","%20"),"#","%23"),CHAR(10),"%0A")&"&body="&SUBSTITUTE(SUBSTITUTE(SUBSTITUTE(SUBSTITUTE(SUBSTITUTE("Ref: "&A16&CHAR(10)&"Customer: "&D16&" "&E16&CHAR(10)&"Phone: "&F16&CHAR(10)&"Email: "&G16&CHAR(10)&"Prefers: "&H16&CHAR(10)&"Enquiry: "&LEFT(I16,600)&CHAR(10)&CHAR(10)&"Sent from the Preston Mazda enquiry log.","%","%25"),"&","%26")," ","%20"),"#","%23"),CHAR(10),"%0A"),"✉ Email parts"),"") | U16: =IF(AND(N16="Yes",O16<>"Yes"),HYPERLINK("mailto:"&Settings!$B$6&"?subject="&SUBSTITUTE(SUBSTITUTE(SUBSTITUTE(SUBSTITUTE(SUBSTITUTE("Customer contact required - "&D16&" "&E16,"%","%25"),"&","%26")," ","%20"),"#","%23"),CHAR(10),"%0A")&"&body="&SUBSTITUTE(SUBSTITUTE(SUBSTITUTE(SUBSTITUTE(SUBSTITUTE("Ref: "&A16&CHAR(10)&"Customer: "&D16&" "&E16&CHAR(10)&"Phone: "&F16&CHAR(10)&"Email: "&G16&CHAR(10)&"Prefers: "&H16&CHAR(10)&"Enquiry: "&LEFT(I16,600)&CHAR(10)&CHAR(10)&"Sent from the Preston Mazda enquiry log.","%","%25"),"&","%26")," ","%20"),"#","%23"),CHAR(10),"%0A"),"✉ Email advisors"),"") | V16: =IF(OR(M16="",IFERROR(INDEX(Staff!$B$4:$B$33,MATCH(M16,Staff!$A$4:$A$33,0)),"")=""),"",HYPERLINK("mailto:"&IFERROR(INDEX(Staff!$B$4:$B$33,MATCH(M16,Staff!$A$4:$A$33,0)),"")&"?subject="&SUBSTITUTE(SUBSTITUTE(SUBSTITUTE(SUBSTITUTE(SUBSTITUTE("Enquiry "&A16&" allocated to you - "&D16,"%","%25"),"&","%26")," ","%20"),"#","%23"),CHAR(10),"%0A")&"&body="&SUBSTITUTE(SUBSTITUTE(SUBSTITUTE(SUBSTITUTE(SUBSTITUTE("Ref: "&A16&CHAR(10)&"Customer: "&D16&" "&E16&CHAR(10)&"Phone: "&F16&CHAR(10)&"Email: "&G16&CHAR(10)&"Prefers: "&H16&CHAR(10)&"Enquiry: "&LEFT(I16,600)&CHAR(10)&CHAR(10)&"Sent from the Preston Mazda enquiry log.","%","%25"),"&","%26")," ","%20"),"#","%23"),CHAR(10),"%0A"),"✉ Email "&M16)) | W16: =IF(OR(P16="",IFERROR(INDEX(Staff!$E$4:$E$33,MATCH(P16,Staff!$D$4:$D$33,0)),"")=""),"",HYPERLINK("mailto:"&IFERROR(INDEX(Staff!$E$4:$E$33,MATCH(P16,Staff!$D$4:$D$33,0)),"")&"?subject="&SUBSTITUTE(SUBSTITUTE(SUBSTITUTE(SUBSTITUTE(SUBSTITUTE("Parts quote "&A16&" allocated to you - "&D16,"%","%25"),"&","%26")," ","%20"),"#","%23"),CHAR(10),"%0A")&"&body="&SUBSTITUTE(SUBSTITUTE(SUBSTITUTE(SUBSTITUTE(SUBSTITUTE("Ref: "&A16&CHAR(10)&"Customer: "&D16&" "&E16&CHAR(10)&"Phone: "&F16&CHAR(10)&"Email: "&G16&CHAR(10)&"Prefers: "&H16&CHAR(10)&"Enquiry: "&LEFT(I16,600)&CHAR(10)&CHAR(10)&"Sent from the Preston Mazda enquiry log.","%","%25"),"&","%26")," ","%20"),"#","%23"),CHAR(10),"%0A"),"✉ Email "&P16))
... A203: =IF(D203="","","E-"&TEXT(ROW()-3,"0000")) | J203: =IF(D203="","",HYPERLINK(Settings!$B$7&A203&".pdf","Open "&A203&".pdf")) | S203: =IF(D203="","",IF(AND(O203="Yes",OR(Q203<>"Yes",R203="Yes")),"Complete","Open")) | T203: =IF(AND(Q203="Yes",R203<>"Yes"),HYPERLINK("mailto:"&Settings!$B$5&"?subject="&SUBSTITUTE(SUBSTITUTE(SUBSTITUTE(SUBSTITUTE(SUBSTITUTE("Parts quote required - "&D203&" "&E203,"%","%25"),"&","%26")," ","%20"),"#","%23"),CHAR(10),"%0A")&"&body="&SUBSTITUTE(SUBSTITUTE(SUBSTITUTE(SUBSTITUTE(SUBSTITUTE("Ref: "&A203&CHAR(10)&"Customer: "&D203&" "&E203&CHAR(10)&"Phone: "&F203&CHAR(10)&"Email: "&G203&CHAR(10)&"Prefers: "&H203&CHAR(10)&"Enquiry: "&LEFT(I203,600)&CHAR(10)&CHAR(10)&"Sent from the Preston Mazda enquiry log.","%","%25"),"&","%26")," ","%20"),"#","%23"),CHAR(10),"%0A"),"✉ Email parts"),"") | U203: =IF(AND(N203="Yes",O203<>"Yes"),HYPERLINK("mailto:"&Settings!$B$6&"?subject="&SUBSTITUTE(SUBSTITUTE(SUBSTITUTE(SUBSTITUTE(SUBSTITUTE("Customer contact required - "&D203&" "&E203,"%","%25"),"&","%26")," ","%20"),"#","%23"),CHAR(10),"%0A")&"&body="&SUBSTITUTE(SUBSTITUTE(SUBSTITUTE(SUBSTITUTE(SUBSTITUTE("Ref: "&A203&CHAR(10)&"Customer: "&D203&" "&E203&CHAR(10)&"Phone: "&F203&CHAR(10)&"Email: "&G203&CHAR(10)&"Prefers: "&H203&CHAR(10)&"Enquiry: "&LEFT(I203,600)&CHAR(10)&CHAR(10)&"Sent from the Preston Mazda enquiry log.","%","%25"),"&","%26")," ","%20"),"#","%23"),CHAR(10),"%0A"),"✉ Email advisors"),"") | V203: =IF(OR(M203="",IFERROR(INDEX(Staff!$B$4:$B$33,MATCH(M203,Staff!$A$4:$A$33,0)),"")=""),"",HYPERLINK("mailto:"&IFERROR(INDEX(Staff!$B$4:$B$33,MATCH(M203,Staff!$A$4:$A$33,0)),"")&"?subject="&SUBSTITUTE(SUBSTITUTE(SUBSTITUTE(SUBSTITUTE(SUBSTITUTE("Enquiry "&A203&" allocated to you - "&D203,"%","%25"),"&","%26")," ","%20"),"#","%23"),CHAR(10),"%0A")&"&body="&SUBSTITUTE(SUBSTITUTE(SUBSTITUTE(SUBSTITUTE(SUBSTITUTE("Ref: "&A203&CHAR(10)&"Customer: "&D203&" "&E203&CHAR(10)&"Phone: "&F203&CHAR(10)&"Email: "&G203&CHAR(10)&"Prefers: "&H203&CHAR(10)&"Enquiry: "&LEFT(I203,600)&CHAR(10)&CHAR(10)&"Sent from the Preston Mazda enquiry log.","%","%25"),"&","%26")," ","%20"),"#","%23"),CHAR(10),"%0A"),"✉ Email "&M203)) | W203: =IF(OR(P203="",IFERROR(INDEX(Staff!$E$4:$E$33,MATCH(P203,Staff!$D$4:$D$33,0)),"")=""),"",HYPERLINK("mailto:"&IFERROR(INDEX(Staff!$E$4:$E$33,MATCH(P203,Staff!$D$4:$D$33,0)),"")&"?subject="&SUBSTITUTE(SUBSTITUTE(SUBSTITUTE(SUBSTITUTE(SUBSTITUTE("Parts quote "&A203&" allocated to you - "&D203,"%","%25"),"&","%26")," ","%20"),"#","%23"),CHAR(10),"%0A")&"&body="&SUBSTITUTE(SUBSTITUTE(SUBSTITUTE(SUBSTITUTE(SUBSTITUTE("Ref: "&A203&CHAR(10)&"Customer: "&D203&" "&E203&CHAR(10)&"Phone: "&F203&CHAR(10)&"Email: "&G203&CHAR(10)&"Prefers: "&H203&CHAR(10)&"Enquiry: "&LEFT(I203,600)&CHAR(10)&CHAR(10)&"Sent from the Preston Mazda enquiry log.","%","%25"),"&","%26")," ","%20"),"#","%23"),CHAR(10),"%0A"),"✉ Email "&P203))

Sheet Staff
A1: Staff – these names feed the drop-downs; the emails are used by the alert flow
A2: Service advisors | D2: Parts department
A3: Name | B3: Email | D3: Name | E3: Email
A4: Sam Carter | B4: sam@maxkirwan.com.au | D4: Pat Nguyen | E4: pat@maxkirwan.com.au
A5: Priya Shah | B5: priya@maxkirwan.com.au
A35: Yellow cells are for you to fill in. The three names above are examples – replace them with your team. Add more rows as needed (up to row 33).

Sheet Settings
A1: Settings
A2: Setting | B2: Value | C2: Notes
A3: Dealership | B3: Preston Mazda | C3: Shown in alert emails.
A4: Approver (shares the file) | B4: steves@maxkirwan.com.au | C4: Access is approved by sharing the file with a person (SharePoint 'Share'). Nobody else can open it.
A5: Parts alerts go to | B5: parts@maxkirwan.com.au | C5: The 'Email parts' link appears when 'Quote Required' is Yes.
A6: Advisor alerts go to | B6: advisors@maxkirwan.com.au | C6: The 'Email advisors' link appears when 'Contact Customer' is Yes.
A7: Quotes folder URL | B7: https://YOURTENANT.sharepoint.com/sites/Service/Shared%20Documents/Enquiry%20Quotes/ | C7: The SharePoint folder where PDF quotes are saved. Must end with a slash. Each row's 'Open E-0012.pdf' link = this + the Ref + .pdf
A10: Blue text on yellow = values for you to change.
